Mutation type,Trinucleotide,MSM0.106_s2
C>A,ACA,13
C>A,ACC,2
C>A,ACG,4
C>A,ACT,6
C>A,CCA,14
C>A,CCC,3
C>A,CCG,2
C>A,CCT,10
C>A,GCA,36
C>A,GCC,5
C>A,GCG,4
C>A,GCT,9
C>A,TCA,14
C>A,TCC,7
C>A,TCG,1
C>A,TCT,32
C>G,ACA,1
C>G,ACC,0
C>G,ACG,0
C>G,ACT,1
C>G,CCA,1
C>G,CCC,1
C>G,CCG,1
C>G,CCT,0
C>G,GCA,1
C>G,GCC,0
C>G,GCG,0
C>G,GCT,0
C>G,TCA,2
C>G,TCC,1
C>G,TCG,0
C>G,TCT,0
C>T,ACA,21
C>T,ACC,4
C>T,ACG,7
C>T,ACT,8
C>T,CCA,24
C>T,CCC,10
C>T,CCG,5
C>T,CCT,13
C>T,GCA,10
C>T,GCC,8
C>T,GCG,3
C>T,GCT,6
C>T,TCA,8
C>T,TCC,3
C>T,TCG,6
C>T,TCT,7
T>A,ATA,0
T>A,ATC,0
T>A,ATG,1
T>A,ATT,3
T>A,CTA,0
T>A,CTC,0
T>A,CTG,3
T>A,CTT,1
T>A,GTA,2
T>A,GTC,1
T>A,GTG,3
T>A,GTT,1
T>A,TTA,3
T>A,TTC,1
T>A,TTG,3
T>A,TTT,2
T>C,ATA,5
T>C,ATC,0
T>C,ATG,2
T>C,ATT,6
T>C,CTA,1
T>C,CTC,1
T>C,CTG,1
T>C,CTT,1
T>C,GTA,0
T>C,GTC,0
T>C,GTG,0
T>C,GTT,2
T>C,TTA,5
T>C,TTC,0
T>C,TTG,3
T>C,TTT,3
T>G,ATA,0
T>G,ATC,0
T>G,ATG,0
T>G,ATT,1
T>G,CTA,1
T>G,CTC,2
T>G,CTG,0
T>G,CTT,0
T>G,GTA,0
T>G,GTC,0
T>G,GTG,0
T>G,GTT,0
T>G,TTA,0
T>G,TTC,1
T>G,TTG,2
T>G,TTT,1
