Mutation type,Trinucleotide,HepG2_Oxpl_cl1_SNVresult_intersect,HepG2_Oxpl_cl3_SNVresult_intersect,HepG2_Oxpl_cl4_SNVresult_intersect
C>A,ACA,197,196,198
C>A,ACC,164,182,122
C>A,ACG,12,17,25
C>A,ACT,131,134,112
C>A,CCA,302,342,273
C>A,CCC,144,155,137
C>A,CCG,30,42,48
C>A,CCT,307,313,225
C>A,GCA,179,178,141
C>A,GCC,107,151,89
C>A,GCG,9,11,27
C>A,GCT,109,111,84
C>A,TCA,202,214,152
C>A,TCC,150,179,102
C>A,TCG,15,23,35
C>A,TCT,269,279,158
C>G,ACA,85,68,126
C>G,ACC,47,35,79
C>G,ACG,8,10,34
C>G,ACT,77,86,141
C>G,CCA,60,51,34
C>G,CCC,45,43,24
C>G,CCG,11,14,9
C>G,CCT,70,54,33
C>G,GCA,30,26,89
C>G,GCC,50,46,78
C>G,GCG,6,5,32
C>G,GCT,51,58,71
C>G,TCA,79,95,74
C>G,TCC,69,78,106
C>G,TCG,10,7,75
C>G,TCT,171,168,209
C>T,ACA,144,133,318
C>T,ACC,76,81,181
C>T,ACG,29,32,253
C>T,ACT,99,117,328
C>T,CCA,214,240,271
C>T,CCC,409,484,367
C>T,CCG,54,56,175
C>T,CCT,443,506,449
C>T,GCA,119,126,230
C>T,GCC,92,101,125
C>T,GCG,28,35,131
C>T,GCT,131,124,186
C>T,TCA,121,119,201
C>T,TCC,106,131,144
C>T,TCG,21,14,123
C>T,TCT,160,181,331
T>A,ATA,58,56,118
T>A,ATC,65,65,105
T>A,ATG,32,36,68
T>A,ATT,63,61,116
T>A,CTA,78,86,144
T>A,CTC,175,189,156
T>A,CTG,113,150,148
T>A,CTT,326,345,230
T>A,GTA,24,29,49
T>A,GTC,50,54,40
T>A,GTG,33,24,57
T>A,GTT,31,20,91
T>A,TTA,62,66,110
T>A,TTC,28,37,45
T>A,TTG,46,45,71
T>A,TTT,42,53,61
T>C,ATA,74,76,529
T>C,ATC,36,36,225
T>C,ATG,30,41,123
T>C,ATT,58,53,340
T>C,CTA,54,48,625
T>C,CTC,70,68,392
T>C,CTG,70,76,94
T>C,CTT,105,92,358
T>C,GTA,44,43,282
T>C,GTC,30,30,186
T>C,GTG,29,17,205
T>C,GTT,22,23,351
T>C,TTA,52,49,251
T>C,TTC,51,49,376
T>C,TTG,33,26,76
T>C,TTT,39,43,203
T>G,ATA,45,45,97
T>G,ATC,16,14,74
T>G,ATG,36,36,89
T>G,ATT,34,32,118
T>G,CTA,22,25,20
T>G,CTC,21,26,27
T>G,CTG,46,36,24
T>G,CTT,36,31,38
T>G,GTA,14,13,101
T>G,GTC,21,18,69
T>G,GTG,25,25,100
T>G,GTT,18,25,79
T>G,TTA,43,49,59
T>G,TTC,23,33,119
T>G,TTG,40,48,154
T>G,TTT,44,34,112
