Mutation type,Trinucleotide,compound.spectra
C>A,ACA,21
C>A,ACC,3
C>A,ACG,1
C>A,ACT,1
C>A,CCA,12
C>A,CCC,0
C>A,CCG,0
C>A,CCT,7
C>A,GCA,32
C>A,GCC,4
C>A,GCG,1
C>A,GCT,10
C>A,TCA,20
C>A,TCC,4
C>A,TCG,2
C>A,TCT,37
C>G,ACA,0
C>G,ACC,0
C>G,ACG,2
C>G,ACT,0
C>G,CCA,0
C>G,CCC,0
C>G,CCG,0
C>G,CCT,0
C>G,GCA,1
C>G,GCC,1
C>G,GCG,0
C>G,GCT,1
C>G,TCA,2
C>G,TCC,3
C>G,TCG,0
C>G,TCT,2
C>T,ACA,8
C>T,ACC,4
C>T,ACG,1
C>T,ACT,4
C>T,CCA,7
C>T,CCC,3
C>T,CCG,1
C>T,CCT,5
C>T,GCA,5
C>T,GCC,5
C>T,GCG,3
C>T,GCT,2
C>T,TCA,6
C>T,TCC,1
C>T,TCG,1
C>T,TCT,6
T>A,ATA,2
T>A,ATC,0
T>A,ATG,0
T>A,ATT,2
T>A,CTA,0
T>A,CTC,0
T>A,CTG,1
T>A,CTT,1
T>A,GTA,0
T>A,GTC,1
T>A,GTG,0
T>A,GTT,1
T>A,TTA,2
T>A,TTC,0
T>A,TTG,0
T>A,TTT,2
T>C,ATA,5
T>C,ATC,1
T>C,ATG,1
T>C,ATT,4
T>C,CTA,3
T>C,CTC,0
T>C,CTG,0
T>C,CTT,1
T>C,GTA,0
T>C,GTC,0
T>C,GTG,3
T>C,GTT,4
T>C,TTA,4
T>C,TTC,0
T>C,TTG,4
T>C,TTT,4
T>G,ATA,1
T>G,ATC,0
T>G,ATG,1
T>G,ATT,3
T>G,CTA,1
T>G,CTC,0
T>G,CTG,0
T>G,CTT,1
T>G,GTA,1
T>G,GTC,0
T>G,GTG,0
T>G,GTT,0
T>G,TTA,0
T>G,TTC,0
T>G,TTG,0
T>G,TTT,4
